"","climate_proj","mod","NAME","species","ToE","count"
"398","2.6","Ensemble","Big Glace Bay","Anarhichas lupus",2046,1
"399","2.6","Ensemble","Bird Islands","Anarhichas lupus",2050,1
"400","2.6","Ensemble","Brier Island","Amblyraja radiata",2063,1
"401","2.6","Ensemble","Brier Island","Anarhichas lupus",2027,1
"402","2.6","Ensemble","Brier Island","Chionoecetes opilio",2015,1
"403","2.6","Ensemble","Brier Island","Hippoglossoides platessoides",2067,1
"404","2.6","Ensemble","Brier Island","Malacoraja senta",2067,1
"405","2.6","Ensemble","Canso Ledges - Sugar Harbour Islands","Chionoecetes opilio",2044,1
"406","2.6","Ensemble","Central Scotian Slope, Rise and Abyss","Anarhichas lupus",2020,1
"407","2.6","Ensemble","Central Scotian Slope, Rise and Abyss","Brosme brosme",2064,1
"408","2.6","Ensemble","Central Scotian Slope, Rise and Abyss","Chionoecetes opilio",2015,1
"409","2.6","Ensemble","Central Scotian Slope, Rise and Abyss","Hippoglossus hippoglossus",2034,1
"410","2.6","Ensemble","Central Scotian Slope, Rise and Abyss","Malacoraja senta",2044,1
"411","2.6","Ensemble","Chebogue","Anarhichas lupus",2027,1
"412","2.6","Ensemble","Corsair/Georges Canyons Conservation Area","Amblyraja radiata",2039,1
"413","2.6","Ensemble","Corsair/Georges Canyons Conservation Area","Brosme brosme",2044,1
"414","2.6","Ensemble","Corsair/Georges Canyons Conservation Area","Glyptocephalus cynoglossus",2077,1
"415","2.6","Ensemble","Corsair/Georges Canyons Conservation Area","Hippoglossoides platessoides",2039,1
"416","2.6","Ensemble","Corsair/Georges Canyons Conservation Area","Hippoglossus hippoglossus",2027,1
"417","2.6","Ensemble","Corsair/Georges Canyons Conservation Area","Malacoraja senta",2039,1
"418","2.6","Ensemble","Corsair/Georges Canyons Conservation Area","Sebastes fasciatus",2044,1
"419","2.6","Ensemble","Eastern Canyons","Anarhichas lupus",2076,1
"420","2.6","Ensemble","Eastern Canyons","Chionoecetes opilio",2044,1
"421","2.6","Ensemble","Eastern Shoal","Anarhichas lupus",2076,1
"422","2.6","Ensemble","Eastern Shoal","Chionoecetes opilio",2044,1
"423","2.6","Ensemble","Eastern Shore Islands","Chionoecetes opilio",2044,1
"424","2.6","Ensemble","Emerald Basin Sponge Conservation Area","Anarhichas lupus",2067,1
"425","2.6","Ensemble","Emerald Basin Sponge Conservation Area","Chionoecetes opilio",2044,1
"426","2.6","Ensemble","Fundian Channel-Browns Bank","Amblyraja radiata",2048,1
"427","2.6","Ensemble","Fundian Channel-Browns Bank","Anarhichas lupus",2027,1
"428","2.6","Ensemble","Fundian Channel-Browns Bank","Chionoecetes opilio",2015,1
"429","2.6","Ensemble","Fundian Channel-Browns Bank","Hippoglossoides platessoides",2067,1
"430","2.6","Ensemble","Fundian Channel-Browns Bank","Hippoglossus hippoglossus",2044,1
"431","2.6","Ensemble","Fundian Channel-Browns Bank","Malacoraja senta",2067,1
"432","2.6","Ensemble","Georges Bank","Anarhichas lupus",2015,1
"433","2.6","Ensemble","Georges Bank","Brosme brosme",2044,1
"434","2.6","Ensemble","Georges Bank","Gadus morhua",2079,1
"435","2.6","Ensemble","Georges Bank","Glyptocephalus cynoglossus",2077,1
"436","2.6","Ensemble","Georges Bank","Hippoglossoides platessoides",2035,1
"437","2.6","Ensemble","Georges Bank","Malacoraja senta",2027,1
"438","2.6","Ensemble","Georges Bank","Melanogrammus aeglefinus",2079,1
"439","2.6","Ensemble","Georges Bank","Pollachius virens",2048,1
"440","2.6","Ensemble","Georges Bank","Sebastes fasciatus",2044,1
"441","2.6","Ensemble","Head Harbour, West Isles and The Passages","Amblyraja radiata",2048,1
"442","2.6","Ensemble","Head Harbour, West Isles and The Passages","Anarhichas lupus",2015,1
"443","2.6","Ensemble","Head Harbour, West Isles and The Passages","Hippoglossoides platessoides",2048,1
"444","2.6","Ensemble","Head Harbour, West Isles and The Passages","Hippoglossus hippoglossus",2044,1
"445","2.6","Ensemble","Head Harbour, West Isles and The Passages","Malacoraja senta",2048,1
"446","2.6","Ensemble","Horse Mussel Reefs","Anarhichas lupus",2015,1
"447","2.6","Ensemble","Jordan Basin Conservation Area","Amblyraja radiata",2039,1
"448","2.6","Ensemble","Jordan Basin Conservation Area","Anarhichas lupus",2015,1
"449","2.6","Ensemble","Jordan Basin Conservation Area","Brosme brosme",2048,1
"450","2.6","Ensemble","Jordan Basin Conservation Area","Hippoglossoides platessoides",2044,1
"451","2.6","Ensemble","Jordan Basin Conservation Area","Hippoglossus hippoglossus",2027,1
"452","2.6","Ensemble","Jordan Basin Conservation Area","Malacoraja senta",2044,1
"453","2.6","Ensemble","Jordan Basin Conservation Area","Pollachius virens",2071,1
"454","2.6","Ensemble","Jordan Basin Conservation Area","Sebastes fasciatus",2063,1
"455","2.6","Ensemble","LaHave Basin","Chionoecetes opilio",2044,1
"456","2.6","Ensemble","Long Eddy","Amblyraja radiata",2048,1
"457","2.6","Ensemble","Long Eddy","Anarhichas lupus",2015,1
"458","2.6","Ensemble","Long Eddy","Chionoecetes opilio",2015,1
"459","2.6","Ensemble","Long Eddy","Hippoglossoides platessoides",2048,1
"460","2.6","Ensemble","Long Eddy","Hippoglossus hippoglossus",2044,1
"461","2.6","Ensemble","Long Eddy","Malacoraja senta",2048,1
"462","2.6","Ensemble","Lophelia Coral Conservation Area","Anarhichas lupus",2070,1
"463","2.6","Ensemble","Lophelia Coral Conservation Area","Chionoecetes opilio",2044,1
"464","2.6","Ensemble","Machias Seal Island Migratory Bird Sanctuary","Amblyraja radiata",2048,1
"465","2.6","Ensemble","Machias Seal Island Migratory Bird Sanctuary","Chionoecetes opilio",2015,1
"466","2.6","Ensemble","Machias Seal Island Migratory Bird Sanctuary","Hippoglossoides platessoides",2067,1
"467","2.6","Ensemble","Machias Seal Island Migratory Bird Sanctuary","Hippoglossus hippoglossus",2044,1
"468","2.6","Ensemble","Machias Seal Island Migratory Bird Sanctuary","Malacoraja senta",2063,1
"469","2.6","Ensemble","Misaine Bank and Laurentian Channel","Chionoecetes opilio",2066,1
"470","2.6","Ensemble","North of Emerald Basin Sea Pen Field","Chionoecetes opilio",2044,1
"471","2.6","Ensemble","Northeast Channel Coral Conservation Area","Amblyraja radiata",2044,1
"472","2.6","Ensemble","Northeast Channel Coral Conservation Area","Brosme brosme",2065,1
"473","2.6","Ensemble","Northeast Channel Coral Conservation Area","Hippoglossoides platessoides",2044,1
"474","2.6","Ensemble","Northeast Channel Coral Conservation Area","Hippoglossus hippoglossus",2039,1
"475","2.6","Ensemble","Northeast Channel Coral Conservation Area","Malacoraja senta",2044,1
"476","2.6","Ensemble","Northeast Channel Coral Conservation Area","Sebastes fasciatus",2065,1
"477","2.6","Ensemble","Northern Gulf of Maine","Amblyraja radiata",2048,1
"478","2.6","Ensemble","Northern Gulf of Maine","Chionoecetes opilio",2015,1
"479","2.6","Ensemble","Northern Gulf of Maine","Hippoglossus hippoglossus",2044,1
"480","2.6","Ensemble","Northern Gulf of Maine","Malacoraja senta",2064,1
"481","2.6","Ensemble","Roseway Bank","Anarhichas lupus",2044,1
"482","2.6","Ensemble","Sable Island Bank","Chionoecetes opilio",2027,1
"483","2.6","Ensemble","Sambro Bank Sponge Conservation Area","Anarhichas lupus",2034,1
"484","2.6","Ensemble","Sambro Bank Sponge Conservation Area","Chionoecetes opilio",2015,1
"485","2.6","Ensemble","Sambro Bank Sponge Conservation Area","Hippoglossoides platessoides",2072,1
"486","2.6","Ensemble","Sambro Bank Sponge Conservation Area","Hippoglossus hippoglossus",2044,1
"487","2.6","Ensemble","Sambro Ledges - Prospect","Chionoecetes opilio",2044,1
"488","2.6","Ensemble","Scotian Gulf","Amblyraja radiata",2048,1
"489","2.6","Ensemble","Scotian Gulf","Anarhichas lupus",2034,1
"490","2.6","Ensemble","Scotian Gulf","Chionoecetes opilio",2015,1
"491","2.6","Ensemble","Scotian Gulf","Hippoglossoides platessoides",2071,1
"492","2.6","Ensemble","Scotian Gulf","Hippoglossus hippoglossus",2044,1
"493","2.6","Ensemble","Scotian Gulf","Malacoraja senta",2071,1
"494","2.6","Ensemble","South Grand Manan","Amblyraja radiata",2048,1
"495","2.6","Ensemble","South Grand Manan","Anarhichas lupus",2027,1
"496","2.6","Ensemble","South Grand Manan","Chionoecetes opilio",2015,1
"497","2.6","Ensemble","South Grand Manan","Hippoglossus hippoglossus",2044,1
"498","2.6","Ensemble","South Grand Manan","Malacoraja senta",2063,1
"499","2.6","Ensemble","St Anns Bank Marine Protected Area","Chionoecetes opilio",2067,1
"500","2.6","Ensemble","The Gully Marine Protected Area","Amblyraja radiata",2077,1
"501","2.6","Ensemble","The Gully Marine Protected Area","Anarhichas lupus",2044,1
"502","2.6","Ensemble","The Gully Marine Protected Area","Chionoecetes opilio",2027,1
"503","2.6","Ensemble","The Gully Marine Protected Area","Hippoglossus hippoglossus",2071,1
"504","2.6","Ensemble","Western Emerald Bank Conservation Area","Hippoglossus hippoglossus",2048,1
"505","2.6","Ensemble","Western Jordan Basin","Amblyraja radiata",2039,1
"506","2.6","Ensemble","Western Jordan Basin","Anarhichas lupus",2015,1
"507","2.6","Ensemble","Western Jordan Basin","Brosme brosme",2048,1
"508","2.6","Ensemble","Western Jordan Basin","Chionoecetes opilio",2015,1
"509","2.6","Ensemble","Western Jordan Basin","Hippoglossoides platessoides",2044,1
"510","2.6","Ensemble","Western Jordan Basin","Hippoglossus hippoglossus",2027,1
"511","2.6","Ensemble","Western Jordan Basin","Malacoraja senta",2044,1
"512","2.6","Ensemble","Western Jordan Basin","Pollachius virens",2071,1
"513","2.6","Ensemble","Western Jordan Basin","Sebastes fasciatus",2063,1
"1579","8.5","Ensemble","Big Glace Bay","Anarhichas lupus",2041,1
"1580","8.5","Ensemble","Bird Islands","Anarhichas lupus",2041,1
"1581","8.5","Ensemble","Bird Islands","Gadus morhua",2077,1
"1582","8.5","Ensemble","Brier Island","Amblyraja radiata",2046,1
"1583","8.5","Ensemble","Brier Island","Anarhichas lupus",2020,1
"1584","8.5","Ensemble","Brier Island","Brosme brosme",2049,1
"1585","8.5","Ensemble","Brier Island","Calanus finmarchicus",2076,1
"1586","8.5","Ensemble","Brier Island","Chionoecetes opilio",2015,1
"1587","8.5","Ensemble","Brier Island","Glyptocephalus cynoglossus",2064,1
"1588","8.5","Ensemble","Brier Island","Hippoglossoides platessoides",2047,1
"1589","8.5","Ensemble","Brier Island","Leucoraja ocellata",2093,1
"1590","8.5","Ensemble","Brier Island","Malacoraja senta",2047,1
"1591","8.5","Ensemble","Brier Island","Melanogrammus aeglefinus",2064,1
"1592","8.5","Ensemble","Brier Island","Pandalus borealis",2076,1
"1593","8.5","Ensemble","Brier Island","Pollachius virens",2061,1
"1594","8.5","Ensemble","Brier Island","Urophycis tenuis",2093,1
"1595","8.5","Ensemble","Canso Ledges - Sugar Harbour Islands","Amblyraja radiata",2073,1
"1596","8.5","Ensemble","Canso Ledges - Sugar Harbour Islands","Anarhichas lupus",2061,1
"1597","8.5","Ensemble","Canso Ledges - Sugar Harbour Islands","Chionoecetes opilio",2039,1
"1598","8.5","Ensemble","Canso Ledges - Sugar Harbour Islands","Gadus morhua",2093,1
"1599","8.5","Ensemble","Canso Ledges - Sugar Harbour Islands","Glyptocephalus cynoglossus",2088,1
"1600","8.5","Ensemble","Canso Ledges - Sugar Harbour Islands","Hippoglossoides platessoides",2073,1
"1601","8.5","Ensemble","Canso Ledges - Sugar Harbour Islands","Hippoglossus hippoglossus",2062,1
"1602","8.5","Ensemble","Canso Ledges - Sugar Harbour Islands","Melanogrammus aeglefinus",2093,1
"1603","8.5","Ensemble","Canso Ledges - Sugar Harbour Islands","Pollachius virens",2085,1
"1604","8.5","Ensemble","Central Scotian Slope, Rise and Abyss","Anarhichas lupus",2015,1
"1605","8.5","Ensemble","Central Scotian Slope, Rise and Abyss","Brosme brosme",2047,1
"1606","8.5","Ensemble","Central Scotian Slope, Rise and Abyss","Calanus finmarchicus",2073,1
"1607","8.5","Ensemble","Central Scotian Slope, Rise and Abyss","Chionoecetes opilio",2015,1
"1608","8.5","Ensemble","Central Scotian Slope, Rise and Abyss","Glyptocephalus cynoglossus",2061,1
"1609","8.5","Ensemble","Central Scotian Slope, Rise and Abyss","Hippoglossus hippoglossus",2023,1
"1610","8.5","Ensemble","Central Scotian Slope, Rise and Abyss","Malacoraja senta",2038,1
"1611","8.5","Ensemble","Central Scotian Slope, Rise and Abyss","Pandalus borealis",2073,1
"1612","8.5","Ensemble","Central Scotian Slope, Rise and Abyss","Urophycis tenuis",2088,1
"1613","8.5","Ensemble","Chebogue","Anarhichas lupus",2023,1
"1614","8.5","Ensemble","Chebogue","Melanogrammus aeglefinus",2073,1
"1615","8.5","Ensemble","Corsair/Georges Canyons Conservation Area","Amblyraja radiata",2025,1
"1616","8.5","Ensemble","Corsair/Georges Canyons Conservation Area","Brosme brosme",2047,1
"1617","8.5","Ensemble","Corsair/Georges Canyons Conservation Area","Calanus finmarchicus",2069,1
"1618","8.5","Ensemble","Corsair/Georges Canyons Conservation Area","Gadus morhua",2061,1
"1619","8.5","Ensemble","Corsair/Georges Canyons Conservation Area","Glyptocephalus cynoglossus",2053,1
"1620","8.5","Ensemble","Corsair/Georges Canyons Conservation Area","Hippoglossoides platessoides",2025,1
"1621","8.5","Ensemble","Corsair/Georges Canyons Conservation Area","Malacoraja senta",2025,1
"1622","8.5","Ensemble","Corsair/Georges Canyons Conservation Area","Sebastes fasciatus",2047,1
"1623","8.5","Ensemble","Corsair/Georges Canyons Conservation Area","Urophycis tenuis",2077,1
"1624","8.5","Ensemble","Eastern Canyons","Amblyraja radiata",2069,1
"1625","8.5","Ensemble","Eastern Canyons","Anarhichas lupus",2048,1
"1626","8.5","Ensemble","Eastern Canyons","Brosme brosme",2075,1
"1627","8.5","Ensemble","Eastern Canyons","Calanus finmarchicus",2093,1
"1628","8.5","Ensemble","Eastern Canyons","Chionoecetes opilio",2039,1
"1629","8.5","Ensemble","Eastern Canyons","Gadus morhua",2085,1
"1630","8.5","Ensemble","Eastern Canyons","Hippoglossoides platessoides",2069,1
"1631","8.5","Ensemble","Eastern Canyons","Malacoraja senta",2069,1
"1632","8.5","Ensemble","Eastern Canyons","Melanogrammus aeglefinus",2085,1
"1633","8.5","Ensemble","Eastern Canyons","Pandalus borealis",2097,1
"1634","8.5","Ensemble","Eastern Canyons","Pollachius virens",2075,1
"1635","8.5","Ensemble","Eastern Shoal","Amblyraja radiata",2069,1
"1636","8.5","Ensemble","Eastern Shoal","Anarhichas lupus",2050,1
"1637","8.5","Ensemble","Eastern Shoal","Chionoecetes opilio",2038,1
"1638","8.5","Ensemble","Eastern Shoal","Gadus morhua",2092,1
"1639","8.5","Ensemble","Eastern Shoal","Glyptocephalus cynoglossus",2085,1
"1640","8.5","Ensemble","Eastern Shoal","Hippoglossoides platessoides",2069,1
"1641","8.5","Ensemble","Eastern Shoal","Hippoglossus hippoglossus",2064,1
"1642","8.5","Ensemble","Eastern Shoal","Melanogrammus aeglefinus",2092,1
"1643","8.5","Ensemble","Eastern Shoal","Pollachius virens",2075,1
"1644","8.5","Ensemble","Eastern Shore Islands","Amblyraja radiata",2073,1
"1645","8.5","Ensemble","Eastern Shore Islands","Anarhichas lupus",2049,1
"1646","8.5","Ensemble","Eastern Shore Islands","Chionoecetes opilio",2039,1
"1647","8.5","Ensemble","Eastern Shore Islands","Gadus morhua",2093,1
"1648","8.5","Ensemble","Eastern Shore Islands","Glyptocephalus cynoglossus",2089,1
"1649","8.5","Ensemble","Eastern Shore Islands","Hippoglossoides platessoides",2073,1
"1650","8.5","Ensemble","Eastern Shore Islands","Hippoglossus hippoglossus",2062,1
"1651","8.5","Ensemble","Eastern Shore Islands","Malacoraja senta",2073,1
"1652","8.5","Ensemble","Eastern Shore Islands","Melanogrammus aeglefinus",2093,1
"1653","8.5","Ensemble","Emerald Basin Sponge Conservation Area","Amblyraja radiata",2062,1
"1654","8.5","Ensemble","Emerald Basin Sponge Conservation Area","Anarhichas lupus",2048,1
"1655","8.5","Ensemble","Emerald Basin Sponge Conservation Area","Calanus finmarchicus",2094,1
"1656","8.5","Ensemble","Emerald Basin Sponge Conservation Area","Chionoecetes opilio",2039,1
"1657","8.5","Ensemble","Emerald Basin Sponge Conservation Area","Gadus morhua",2085,1
"1658","8.5","Ensemble","Emerald Basin Sponge Conservation Area","Glyptocephalus cynoglossus",2085,1
"1659","8.5","Ensemble","Emerald Basin Sponge Conservation Area","Hippoglossoides platessoides",2064,1
"1660","8.5","Ensemble","Emerald Basin Sponge Conservation Area","Hippoglossus hippoglossus",2061,1
"1661","8.5","Ensemble","Emerald Basin Sponge Conservation Area","Malacoraja senta",2064,1
"1662","8.5","Ensemble","Emerald Basin Sponge Conservation Area","Melanogrammus aeglefinus",2085,1
"1663","8.5","Ensemble","Emerald Basin Sponge Conservation Area","Pandalus borealis",2094,1
"1664","8.5","Ensemble","Emerald Basin Sponge Conservation Area","Pollachius virens",2074,1
"1665","8.5","Ensemble","Fundian Channel-Browns Bank","Amblyraja radiata",2047,1
"1666","8.5","Ensemble","Fundian Channel-Browns Bank","Anarhichas lupus",2019,1
"1667","8.5","Ensemble","Fundian Channel-Browns Bank","Calanus finmarchicus",2075,1
"1668","8.5","Ensemble","Fundian Channel-Browns Bank","Chionoecetes opilio",2015,1
"1669","8.5","Ensemble","Fundian Channel-Browns Bank","Gadus morhua",2064,1
"1670","8.5","Ensemble","Fundian Channel-Browns Bank","Leucoraja ocellata",2094,1
"1671","8.5","Ensemble","Fundian Channel-Browns Bank","Malacoraja senta",2047,1
"1672","8.5","Ensemble","Fundian Channel-Browns Bank","Melanogrammus aeglefinus",2064,1
"1673","8.5","Ensemble","Fundian Channel-Browns Bank","Pandalus borealis",2077,1
"1674","8.5","Ensemble","Fundian Channel-Browns Bank","Pollachius virens",2061,1
"1675","8.5","Ensemble","Fundian Channel-Browns Bank","Sebastes fasciatus",2053,1
"1676","8.5","Ensemble","Fundian Channel-Browns Bank","Urophycis tenuis",2093,1
"1677","8.5","Ensemble","Georges Bank","Amblyraja radiata",2022,1
"1678","8.5","Ensemble","Georges Bank","Anarhichas lupus",2015,1
"1679","8.5","Ensemble","Georges Bank","Brosme brosme",2039,1
"1680","8.5","Ensemble","Georges Bank","Calanus finmarchicus",2064,1
"1681","8.5","Ensemble","Georges Bank","Gadus morhua",2055,1
"1682","8.5","Ensemble","Georges Bank","Glyptocephalus cynoglossus",2049,1
"1683","8.5","Ensemble","Georges Bank","Hippoglossoides platessoides",2022,1
"1684","8.5","Ensemble","Georges Bank","Leucoraja erinacea",2094,1
"1685","8.5","Ensemble","Georges Bank","Leucoraja ocellata",2077,1
"1686","8.5","Ensemble","Georges Bank","Malacoraja senta",2022,1
"1687","8.5","Ensemble","Georges Bank","Melanogrammus aeglefinus",2055,1
"1688","8.5","Ensemble","Georges Bank","Pandalus borealis",2069,1
"1689","8.5","Ensemble","Georges Bank","Pollachius virens",2045,1
"1690","8.5","Ensemble","Georges Bank","Sebastes fasciatus",2039,1
"1691","8.5","Ensemble","Head Harbour, West Isles and The Passages","Amblyraja radiata",2039,1
"1692","8.5","Ensemble","Head Harbour, West Isles and The Passages","Anarhichas lupus",2018,1
"1693","8.5","Ensemble","Head Harbour, West Isles and The Passages","Calanus finmarchicus",2076,1
"1694","8.5","Ensemble","Head Harbour, West Isles and The Passages","Gadus morhua",2068,1
"1695","8.5","Ensemble","Head Harbour, West Isles and The Passages","Glyptocephalus cynoglossus",2062,1
"1696","8.5","Ensemble","Head Harbour, West Isles and The Passages","Hippoglossoides platessoides",2042,1
"1697","8.5","Ensemble","Head Harbour, West Isles and The Passages","Hippoglossus hippoglossus",2039,1
"1698","8.5","Ensemble","Head Harbour, West Isles and The Passages","Leucoraja ocellata",2093,1
"1699","8.5","Ensemble","Head Harbour, West Isles and The Passages","Malacoraja senta",2042,1
"1700","8.5","Ensemble","Head Harbour, West Isles and The Passages","Melanogrammus aeglefinus",2068,1
"1701","8.5","Ensemble","Head Harbour, West Isles and The Passages","Pandalus borealis",2076,1
"1702","8.5","Ensemble","Head Harbour, West Isles and The Passages","Sebastes fasciatus",2054,1
"1703","8.5","Ensemble","Head Harbour, West Isles and The Passages","Urophycis tenuis",2093,1
"1704","8.5","Ensemble","Horse Mussel Reefs","Amblyraja radiata",2032,1
"1705","8.5","Ensemble","Horse Mussel Reefs","Anarhichas lupus",2015,1
"1706","8.5","Ensemble","Horse Mussel Reefs","Calanus finmarchicus",2073,1
"1707","8.5","Ensemble","Horse Mussel Reefs","Gadus morhua",2061,1
"1708","8.5","Ensemble","Horse Mussel Reefs","Leucoraja ocellata",2089,1
"1709","8.5","Ensemble","Horse Mussel Reefs","Melanogrammus aeglefinus",2061,1
"1710","8.5","Ensemble","Horse Mussel Reefs","Pollachius virens",2047,1
"1711","8.5","Ensemble","Horse Mussel Reefs","Urophycis tenuis",2089,1
"1712","8.5","Ensemble","Jordan Basin Conservation Area","Amblyraja radiata",2031,1
"1713","8.5","Ensemble","Jordan Basin Conservation Area","Anarhichas lupus",2015,1
"1714","8.5","Ensemble","Jordan Basin Conservation Area","Brosme brosme",2045,1
"1715","8.5","Ensemble","Jordan Basin Conservation Area","Calanus finmarchicus",2073,1
"1716","8.5","Ensemble","Jordan Basin Conservation Area","Gadus morhua",2061,1
"1717","8.5","Ensemble","Jordan Basin Conservation Area","Glyptocephalus cynoglossus",2055,1
"1718","8.5","Ensemble","Jordan Basin Conservation Area","Hippoglossoides platessoides",2039,1
"1719","8.5","Ensemble","Jordan Basin Conservation Area","Hippoglossus hippoglossus",2023,1
"1720","8.5","Ensemble","Jordan Basin Conservation Area","Malacoraja senta",2039,1
"1721","8.5","Ensemble","Jordan Basin Conservation Area","Melanogrammus aeglefinus",2061,1
"1722","8.5","Ensemble","Jordan Basin Conservation Area","Pandalus borealis",2073,1
"1723","8.5","Ensemble","Jordan Basin Conservation Area","Pollachius virens",2048,1
"1724","8.5","Ensemble","Jordan Basin Conservation Area","Sebastes fasciatus",2046,1
"1725","8.5","Ensemble","Jordan Basin Conservation Area","Urophycis tenuis",2088,1
"1726","8.5","Ensemble","LaHave Basin","Amblyraja radiata",2062,1
"1727","8.5","Ensemble","LaHave Basin","Anarhichas lupus",2048,1
"1728","8.5","Ensemble","LaHave Basin","Brosme brosme",2073,1
"1729","8.5","Ensemble","LaHave Basin","Calanus finmarchicus",2093,1
"1730","8.5","Ensemble","LaHave Basin","Chionoecetes opilio",2039,1
"1731","8.5","Ensemble","LaHave Basin","Gadus morhua",2088,1
"1732","8.5","Ensemble","LaHave Basin","Glyptocephalus cynoglossus",2077,1
"1733","8.5","Ensemble","LaHave Basin","Hippoglossoides platessoides",2064,1
"1734","8.5","Ensemble","LaHave Basin","Hippoglossus hippoglossus",2061,1
"1735","8.5","Ensemble","LaHave Basin","Malacoraja senta",2064,1
"1736","8.5","Ensemble","LaHave Basin","Pandalus borealis",2093,1
"1737","8.5","Ensemble","LaHave Basin","Pollachius virens",2075,1
"1738","8.5","Ensemble","LaHave Islands","Amblyraja radiata",2064,1
"1739","8.5","Ensemble","LaHave Islands","Calanus finmarchicus",2093,1
"1740","8.5","Ensemble","LaHave Islands","Gadus morhua",2088,1
"1741","8.5","Ensemble","Long Eddy","Amblyraja radiata",2039,1
"1742","8.5","Ensemble","Long Eddy","Anarhichas lupus",2018,1
"1743","8.5","Ensemble","Long Eddy","Calanus finmarchicus",2076,1
"1744","8.5","Ensemble","Long Eddy","Chionoecetes opilio",2015,1
"1745","8.5","Ensemble","Long Eddy","Gadus morhua",2068,1
"1746","8.5","Ensemble","Long Eddy","Glyptocephalus cynoglossus",2062,1
"1747","8.5","Ensemble","Long Eddy","Hippoglossoides platessoides",2042,1
"1748","8.5","Ensemble","Long Eddy","Hippoglossus hippoglossus",2039,1
"1749","8.5","Ensemble","Long Eddy","Leucoraja ocellata",2093,1
"1750","8.5","Ensemble","Long Eddy","Malacoraja senta",2042,1
"1751","8.5","Ensemble","Long Eddy","Melanogrammus aeglefinus",2068,1
"1752","8.5","Ensemble","Long Eddy","Pandalus borealis",2076,1
"1753","8.5","Ensemble","Long Eddy","Pollachius virens",2054,1
"1754","8.5","Ensemble","Long Eddy","Sebastes fasciatus",2054,1
"1755","8.5","Ensemble","Long Eddy","Urophycis tenuis",2093,1
"1756","8.5","Ensemble","Lophelia Coral Conservation Area","Amblyraja radiata",2064,1
"1757","8.5","Ensemble","Lophelia Coral Conservation Area","Anarhichas lupus",2048,1
"1758","8.5","Ensemble","Lophelia Coral Conservation Area","Calanus finmarchicus",2092,1
"1759","8.5","Ensemble","Lophelia Coral Conservation Area","Chionoecetes opilio",2038,1
"1760","8.5","Ensemble","Lophelia Coral Conservation Area","Gadus morhua",2085,1
"1761","8.5","Ensemble","Lophelia Coral Conservation Area","Glyptocephalus cynoglossus",2075,1
"1762","8.5","Ensemble","Lophelia Coral Conservation Area","Hippoglossoides platessoides",2064,1
"1763","8.5","Ensemble","Lophelia Coral Conservation Area","Hippoglossus hippoglossus",2064,1
"1764","8.5","Ensemble","Lophelia Coral Conservation Area","Malacoraja senta",2064,1
"1765","8.5","Ensemble","Lophelia Coral Conservation Area","Pandalus borealis",2092,1
"1766","8.5","Ensemble","Machias Seal Island Migratory Bird Sanctuary","Amblyraja radiata",2045,1
"1767","8.5","Ensemble","Machias Seal Island Migratory Bird Sanctuary","Brosme brosme",2054,1
"1768","8.5","Ensemble","Machias Seal Island Migratory Bird Sanctuary","Calanus finmarchicus",2076,1
"1769","8.5","Ensemble","Machias Seal Island Migratory Bird Sanctuary","Chionoecetes opilio",2015,1
"1770","8.5","Ensemble","Machias Seal Island Migratory Bird Sanctuary","Gadus morhua",2072,1
"1771","8.5","Ensemble","Machias Seal Island Migratory Bird Sanctuary","Glyptocephalus cynoglossus",2062,1
"1772","8.5","Ensemble","Machias Seal Island Migratory Bird Sanctuary","Hippoglossoides platessoides",2047,1
"1773","8.5","Ensemble","Machias Seal Island Migratory Bird Sanctuary","Hippoglossus hippoglossus",2039,1
"1774","8.5","Ensemble","Machias Seal Island Migratory Bird Sanctuary","Leucoraja ocellata",2093,1
"1775","8.5","Ensemble","Machias Seal Island Migratory Bird Sanctuary","Malacoraja senta",2047,1
"1776","8.5","Ensemble","Machias Seal Island Migratory Bird Sanctuary","Melanogrammus aeglefinus",2072,1
"1777","8.5","Ensemble","Machias Seal Island Migratory Bird Sanctuary","Pandalus borealis",2076,1
"1778","8.5","Ensemble","Machias Seal Island Migratory Bird Sanctuary","Pollachius virens",2061,1
"1779","8.5","Ensemble","Machias Seal Island Migratory Bird Sanctuary","Sebastes fasciatus",2054,1
"1780","8.5","Ensemble","Machias Seal Island Migratory Bird Sanctuary","Urophycis tenuis",2093,1
"1781","8.5","Ensemble","Middle Bank-Canso Bank","Chionoecetes opilio",2047,1
"1782","8.5","Ensemble","Middle Bank-Canso Bank","Gadus morhua",2092,1
"1783","8.5","Ensemble","Middle Bank-Canso Bank","Glyptocephalus cynoglossus",2088,1
"1784","8.5","Ensemble","Middle Bank-Canso Bank","Hippoglossoides platessoides",2073,1
"1785","8.5","Ensemble","Middle Bank-Canso Bank","Malacoraja senta",2073,1
"1786","8.5","Ensemble","Middle Bank-Canso Bank","Melanogrammus aeglefinus",2092,1
"1787","8.5","Ensemble","Middle Bank-Canso Bank","Pollachius virens",2085,1
"1788","8.5","Ensemble","Misaine Bank and Laurentian Channel","Amblyraja radiata",2073,1
"1789","8.5","Ensemble","Misaine Bank and Laurentian Channel","Chionoecetes opilio",2048,1
"1790","8.5","Ensemble","Misaine Bank and Laurentian Channel","Gadus morhua",2092,1
"1791","8.5","Ensemble","Misaine Bank and Laurentian Channel","Glyptocephalus cynoglossus",2092,1
"1792","8.5","Ensemble","Misaine Bank and Laurentian Channel","Hippoglossoides platessoides",2073,1
"1793","8.5","Ensemble","Misaine Bank and Laurentian Channel","Hippoglossus hippoglossus",2069,1
"1794","8.5","Ensemble","Misaine Bank and Laurentian Channel","Malacoraja senta",2074,1
"1795","8.5","Ensemble","Misaine Bank and Laurentian Channel","Melanogrammus aeglefinus",2092,1
"1796","8.5","Ensemble","Misaine Bank and Laurentian Channel","Pollachius virens",2085,1
"1797","8.5","Ensemble","North of Emerald Basin Sea Pen Field","Amblyraja radiata",2073,1
"1798","8.5","Ensemble","North of Emerald Basin Sea Pen Field","Anarhichas lupus",2049,1
"1799","8.5","Ensemble","North of Emerald Basin Sea Pen Field","Chionoecetes opilio",2039,1
"1800","8.5","Ensemble","North of Emerald Basin Sea Pen Field","Gadus morhua",2092,1
"1801","8.5","Ensemble","North of Emerald Basin Sea Pen Field","Glyptocephalus cynoglossus",2088,1
"1802","8.5","Ensemble","North of Emerald Basin Sea Pen Field","Hippoglossoides platessoides",2073,1
"1803","8.5","Ensemble","North of Emerald Basin Sea Pen Field","Hippoglossus hippoglossus",2062,1
"1804","8.5","Ensemble","North of Emerald Basin Sea Pen Field","Malacoraja senta",2073,1
"1805","8.5","Ensemble","North of Emerald Basin Sea Pen Field","Melanogrammus aeglefinus",2092,1
"1806","8.5","Ensemble","North of Emerald Basin Sea Pen Field","Pollachius virens",2076,1
"1807","8.5","Ensemble","Northeast Channel Coral Conservation Area","Amblyraja radiata",2039,1
"1808","8.5","Ensemble","Northeast Channel Coral Conservation Area","Anarhichas lupus",2018,1
"1809","8.5","Ensemble","Northeast Channel Coral Conservation Area","Brosme brosme",2048,1
"1810","8.5","Ensemble","Northeast Channel Coral Conservation Area","Calanus finmarchicus",2074,1
"1811","8.5","Ensemble","Northeast Channel Coral Conservation Area","Gadus morhua",2064,1
"1812","8.5","Ensemble","Northeast Channel Coral Conservation Area","Glyptocephalus cynoglossus",2061,1
"1813","8.5","Ensemble","Northeast Channel Coral Conservation Area","Hippoglossoides platessoides",2039,1
"1814","8.5","Ensemble","Northeast Channel Coral Conservation Area","Hippoglossus hippoglossus",2025,1
"1815","8.5","Ensemble","Northeast Channel Coral Conservation Area","Malacoraja senta",2039,1
"1816","8.5","Ensemble","Northeast Channel Coral Conservation Area","Melanogrammus aeglefinus",2064,1
"1817","8.5","Ensemble","Northeast Channel Coral Conservation Area","Sebastes fasciatus",2048,1
"1818","8.5","Ensemble","Northeast Channel Coral Conservation Area","Urophycis tenuis",2092,1
"1819","8.5","Ensemble","Northern Gulf of Maine","Amblyraja radiata",2045,1
"1820","8.5","Ensemble","Northern Gulf of Maine","Anarhichas lupus",2016,1
"1821","8.5","Ensemble","Northern Gulf of Maine","Calanus finmarchicus",2076,1
"1822","8.5","Ensemble","Northern Gulf of Maine","Chionoecetes opilio",2015,1
"1823","8.5","Ensemble","Northern Gulf of Maine","Glyptocephalus cynoglossus",2062,1
"1824","8.5","Ensemble","Northern Gulf of Maine","Hippoglossoides platessoides",2047,1
"1825","8.5","Ensemble","Northern Gulf of Maine","Hippoglossus hippoglossus",2039,1
"1826","8.5","Ensemble","Northern Gulf of Maine","Leucoraja ocellata",2093,1
"1827","8.5","Ensemble","Northern Gulf of Maine","Malacoraja senta",2047,1
"1828","8.5","Ensemble","Northern Gulf of Maine","Melanogrammus aeglefinus",2064,1
"1829","8.5","Ensemble","Northern Gulf of Maine","Pandalus borealis",2076,1
"1830","8.5","Ensemble","Northern Gulf of Maine","Pollachius virens",2055,1
"1831","8.5","Ensemble","Northern Gulf of Maine","Sebastes fasciatus",2049,1
"1832","8.5","Ensemble","Northern Gulf of Maine","Urophycis tenuis",2093,1
"1833","8.5","Ensemble","Pearl Island","Gadus morhua",2088,1
"1834","8.5","Ensemble","Pearl Island","Glyptocephalus cynoglossus",2088,1
"1835","8.5","Ensemble","Pearl Island","Hippoglossoides platessoides",2064,1
"1836","8.5","Ensemble","Pearl Island","Hippoglossus hippoglossus",2062,1
"1837","8.5","Ensemble","Pearl Island","Melanogrammus aeglefinus",2088,1
"1838","8.5","Ensemble","Point Michaud and Basque Islands","Gadus morhua",2076,1
"1839","8.5","Ensemble","Port Joli and Surrounding Areas","Amblyraja radiata",2055,1
"1840","8.5","Ensemble","Port Joli and Surrounding Areas","Calanus finmarchicus",2092,1
"1841","8.5","Ensemble","Port Joli and Surrounding Areas","Gadus morhua",2077,1
"1842","8.5","Ensemble","Port Joli and Surrounding Areas","Melanogrammus aeglefinus",2077,1
"1843","8.5","Ensemble","Roseway Bank","Amblyraja radiata",2055,1
"1844","8.5","Ensemble","Roseway Bank","Calanus finmarchicus",2092,1
"1845","8.5","Ensemble","Roseway Bank","Chionoecetes opilio",2019,1
"1846","8.5","Ensemble","Roseway Bank","Glyptocephalus cynoglossus",2075,1
"1847","8.5","Ensemble","Roseway Bank","Hippoglossoides platessoides",2061,1
"1848","8.5","Ensemble","Roseway Bank","Malacoraja senta",2061,1
"1849","8.5","Ensemble","Sable Island Bank","Amblyraja radiata",2058,1
"1850","8.5","Ensemble","Sable Island Bank","Anarhichas lupus",2038,1
"1851","8.5","Ensemble","Sable Island Bank","Brosme brosme",2064,1
"1852","8.5","Ensemble","Sable Island Bank","Calanus finmarchicus",2085,1
"1853","8.5","Ensemble","Sable Island Bank","Chionoecetes opilio",2018,1
"1854","8.5","Ensemble","Sable Island Bank","Gadus morhua",2074,1
"1855","8.5","Ensemble","Sable Island Bank","Glyptocephalus cynoglossus",2074,1
"1856","8.5","Ensemble","Sable Island Bank","Hippoglossoides platessoides",2061,1
"1857","8.5","Ensemble","Sable Island Bank","Hippoglossus hippoglossus",2047,1
"1858","8.5","Ensemble","Sable Island Bank","Melanogrammus aeglefinus",2074,1
"1859","8.5","Ensemble","Sable Island Bank","Pandalus borealis",2088,1
"1860","8.5","Ensemble","Sable Island Bank","Pollachius virens",2064,1
"1861","8.5","Ensemble","Sambro Bank Sponge Conservation Area","Anarhichas lupus",2023,1
"1862","8.5","Ensemble","Sambro Bank Sponge Conservation Area","Brosme brosme",2061,1
"1863","8.5","Ensemble","Sambro Bank Sponge Conservation Area","Calanus finmarchicus",2077,1
"1864","8.5","Ensemble","Sambro Bank Sponge Conservation Area","Chionoecetes opilio",2015,1
"1865","8.5","Ensemble","Sambro Bank Sponge Conservation Area","Gadus morhua",2073,1
"1866","8.5","Ensemble","Sambro Bank Sponge Conservation Area","Glyptocephalus cynoglossus",2064,1
"1867","8.5","Ensemble","Sambro Bank Sponge Conservation Area","Hippoglossoides platessoides",2047,1
"1868","8.5","Ensemble","Sambro Bank Sponge Conservation Area","Hippoglossus hippoglossus",2039,1
"1869","8.5","Ensemble","Sambro Bank Sponge Conservation Area","Melanogrammus aeglefinus",2073,1
"1870","8.5","Ensemble","Sambro Bank Sponge Conservation Area","Pandalus borealis",2077,1
"1871","8.5","Ensemble","Sambro Bank Sponge Conservation Area","Pollachius virens",2064,1
"1872","8.5","Ensemble","Sambro Bank Sponge Conservation Area","Urophycis tenuis",2094,1
"1873","8.5","Ensemble","Sambro Ledges - Prospect","Amblyraja radiata",2064,1
"1874","8.5","Ensemble","Sambro Ledges - Prospect","Chionoecetes opilio",2039,1
"1875","8.5","Ensemble","Sambro Ledges - Prospect","Hippoglossoides platessoides",2073,1
"1876","8.5","Ensemble","Sambro Ledges - Prospect","Hippoglossus hippoglossus",2062,1
"1877","8.5","Ensemble","Sambro Ledges - Prospect","Melanogrammus aeglefinus",2089,1
"1878","8.5","Ensemble","Scotian Gulf","Amblyraja radiata",2047,1
"1879","8.5","Ensemble","Scotian Gulf","Anarhichas lupus",2023,1
"1880","8.5","Ensemble","Scotian Gulf","Brosme brosme",2061,1
"1881","8.5","Ensemble","Scotian Gulf","Calanus finmarchicus",2077,1
"1882","8.5","Ensemble","Scotian Gulf","Chionoecetes opilio",2015,1
"1883","8.5","Ensemble","Scotian Gulf","Hippoglossoides platessoides",2047,1
"1884","8.5","Ensemble","Scotian Gulf","Hippoglossus hippoglossus",2039,1
"1885","8.5","Ensemble","Scotian Gulf","Melanogrammus aeglefinus",2073,1
"1886","8.5","Ensemble","Scotian Gulf","Pandalus borealis",2077,1
"1887","8.5","Ensemble","Scotian Gulf","Pollachius virens",2061,1
"1888","8.5","Ensemble","Scotian Gulf","Sebastes fasciatus",2061,1
"1889","8.5","Ensemble","South Grand Manan","Amblyraja radiata",2045,1
"1890","8.5","Ensemble","South Grand Manan","Anarhichas lupus",2018,1
"1891","8.5","Ensemble","South Grand Manan","Brosme brosme",2053,1
"1892","8.5","Ensemble","South Grand Manan","Calanus finmarchicus",2076,1
"1893","8.5","Ensemble","South Grand Manan","Chionoecetes opilio",2015,1
"1894","8.5","Ensemble","South Grand Manan","Gadus morhua",2064,1
"1895","8.5","Ensemble","South Grand Manan","Glyptocephalus cynoglossus",2062,1
"1896","8.5","Ensemble","South Grand Manan","Hippoglossoides platessoides",2047,1
"1897","8.5","Ensemble","South Grand Manan","Leucoraja ocellata",2093,1
"1898","8.5","Ensemble","South Grand Manan","Malacoraja senta",2047,1
"1899","8.5","Ensemble","South Grand Manan","Melanogrammus aeglefinus",2064,1
"1900","8.5","Ensemble","South Grand Manan","Pandalus borealis",2076,1
"1901","8.5","Ensemble","South Grand Manan","Pollachius virens",2061,1
"1902","8.5","Ensemble","South Grand Manan","Sebastes fasciatus",2053,1
"1903","8.5","Ensemble","South Grand Manan","Urophycis tenuis",2093,1
"1904","8.5","Ensemble","Southern Bight","Leucoraja ocellata",2090,1
"1905","8.5","Ensemble","Southern Bight","Pollachius virens",2048,1
"1906","8.5","Ensemble","St Anns Bank Marine Protected Area","Amblyraja radiata",2074,1
"1907","8.5","Ensemble","St Anns Bank Marine Protected Area","Gadus morhua",2093,1
"1908","8.5","Ensemble","St Anns Bank Marine Protected Area","Glyptocephalus cynoglossus",2092,1
"1909","8.5","Ensemble","St Anns Bank Marine Protected Area","Hippoglossoides platessoides",2074,1
"1910","8.5","Ensemble","St Anns Bank Marine Protected Area","Hippoglossus hippoglossus",2073,1
"1911","8.5","Ensemble","St Anns Bank Marine Protected Area","Malacoraja senta",2074,1
"1912","8.5","Ensemble","St Anns Bank Marine Protected Area","Pollachius virens",2085,1
"1913","8.5","Ensemble","The Gully Marine Protected Area","Amblyraja radiata",2055,1
"1914","8.5","Ensemble","The Gully Marine Protected Area","Anarhichas lupus",2038,1
"1915","8.5","Ensemble","The Gully Marine Protected Area","Brosme brosme",2064,1
"1916","8.5","Ensemble","The Gully Marine Protected Area","Calanus finmarchicus",2092,1
"1917","8.5","Ensemble","The Gully Marine Protected Area","Chionoecetes opilio",2018,1
"1918","8.5","Ensemble","The Gully Marine Protected Area","Gadus morhua",2076,1
"1919","8.5","Ensemble","The Gully Marine Protected Area","Glyptocephalus cynoglossus",2073,1
"1920","8.5","Ensemble","The Gully Marine Protected Area","Hippoglossoides platessoides",2055,1
"1921","8.5","Ensemble","The Gully Marine Protected Area","Hippoglossus hippoglossus",2055,1
"1922","8.5","Ensemble","The Gully Marine Protected Area","Malacoraja senta",2055,1
"1923","8.5","Ensemble","The Gully Marine Protected Area","Melanogrammus aeglefinus",2076,1
"1924","8.5","Ensemble","The Gully Marine Protected Area","Pandalus borealis",2092,1
"1925","8.5","Ensemble","Western Emerald Bank Conservation Area","Glyptocephalus cynoglossus",2064,1
"1926","8.5","Ensemble","Western Emerald Bank Conservation Area","Hippoglossoides platessoides",2058,1
"1927","8.5","Ensemble","Western Emerald Bank Conservation Area","Hippoglossus hippoglossus",2039,1
"1928","8.5","Ensemble","Western Emerald Bank Conservation Area","Malacoraja senta",2058,1
"1929","8.5","Ensemble","Western Emerald Bank Conservation Area","Pollachius virens",2064,1
"1930","8.5","Ensemble","Western Emerald Bank Conservation Area","Sebastes fasciatus",2064,1
"1931","8.5","Ensemble","Western Jordan Basin","Amblyraja radiata",2031,1
"1932","8.5","Ensemble","Western Jordan Basin","Anarhichas lupus",2015,1
"1933","8.5","Ensemble","Western Jordan Basin","Brosme brosme",2046,1
"1934","8.5","Ensemble","Western Jordan Basin","Calanus finmarchicus",2073,1
"1935","8.5","Ensemble","Western Jordan Basin","Chionoecetes opilio",2015,1
"1936","8.5","Ensemble","Western Jordan Basin","Gadus morhua",2061,1
"1937","8.5","Ensemble","Western Jordan Basin","Glyptocephalus cynoglossus",2055,1
"1938","8.5","Ensemble","Western Jordan Basin","Hippoglossoides platessoides",2039,1
"1939","8.5","Ensemble","Western Jordan Basin","Hippoglossus hippoglossus",2023,1
"1940","8.5","Ensemble","Western Jordan Basin","Malacoraja senta",2039,1
"1941","8.5","Ensemble","Western Jordan Basin","Melanogrammus aeglefinus",2061,1
"1942","8.5","Ensemble","Western Jordan Basin","Pandalus borealis",2073,1
"1943","8.5","Ensemble","Western Jordan Basin","Pollachius virens",2048,1
"1944","8.5","Ensemble","Western Jordan Basin","Sebastes fasciatus",2046,1
